{
  "oldParams": true,
  "wave_type": 3,
  "p_env_attack": 0,
  "p_env_sustain": 0.37281651846746067,
  "p_env_punch": 0.4319697722603937,
  "p_env_decay": 0.2062327595909093,
  "p_base_freq": 0.19628228770765388,
  "p_freq_limit": 0,
  "p_freq_ramp": 0.21397293243388246,
  "p_freq_dramp": 0,
  "p_vib_strength": 0,
  "p_vib_speed": 0,
  "p_arp_mod": -0.15334795609836838,
  "p_arp_speed": 0.7788486984012107,
  "p_duty": 0,
  "p_duty_ramp": 0,
  "p_repeat_speed": 0.7160445378630851,
  "p_pha_offset": 0,
  "p_pha_ramp": 0,
  "p_lpf_freq": 1,
  "p_lpf_ramp": 0,
  "p_lpf_resonance": 0,
  "p_hpf_freq": 0,
  "p_hpf_ramp": 0,
  "sound_vol": 0.25,
  "sample_rate": 44100,
  "sample_size": 8
}